{
    "CorrelationVideoTrackerParams":
    {
        "frameBufferSize":256,
        "trackingRectangleWidth":64,
        "trackingRectangleHeight":64,
        "pixelDeviationThreshold":0,
        "objectLossThreshold":0.9,
        "objectDetectionThreshold":0.9,
        "patternUpdateCoeff":0.90,
        "probabilityUpdateCoeff":0.95,
        "searchWindowWidth":256,
        "searchWindowHeight":256,
        "lostModeOption":0,
        "maximumNumFramesInLostMode":128,
        "usePredictedPosition":true,
        "useTrackingRectangleAutoSize":true,
        "useTrackingRectangleAutoPosition":true
    },

    "VideoSourceParams":
    {
        "videoSourceInitString":"file dialog",
        "scaleFactor":1
    }
}