{
    "Config_Params":
    {
        "video_source_init_string":"open file dialog",

        "pixel_deviation":10.0,
        "alpha_coeff":0.01,
        "max_object_width":128,
        "min_object_width":2,
        "max_object_height":128,
        "min_object_height":2,
        "min_object_velocity":0.1,
        "max_object_velocity":30,
        "num_threads":1,
        "track_detection_criterion":10,
        "track_reset_criterion":5,
        "min_distance_between_objects":16,
        "scale_factor":1,
        "num_gauss_elements_in_pixel_model":5
    }
}