{
    "Params": {
        "objectDetector": {
            "custom1": 0.0,
            "custom2": 0.0,
            "custom3": 0.0,
            "enable": true,
            "frameBufferSize": 1,
            "initString": "",
            "logMode": 0,
            "maxObjectHeight": 128,
            "maxObjectWidth": 128,
            "maxXSpeed": 15.0,
            "maxYSpeed": 15.0,
            "minDetectionProbability": 0.5,
            "minObjectHeight": 4,
            "minObjectWidth": 4,
            "minXSpeed": 0.10000000149011612,
            "minYSpeed": 0.10000000149011612,
            "numThreads": 1,
            "resetCriteria": 5,
            "scaleFactor": 1,
            "sensitivity": 10.0,
            "type": 0,
            "xDetectionCriteria": 15,
            "yDetectionCriteria": 15
        },
        "videoSource": {
            "custom1": -1.0,
            "custom2": -1.0,
            "custom3": -1.0,
            "exposureMode": 1,
            "focusMode": 1,
            "fourcc": "BGR24",
            "fps": 0.0,
            "gainMode": 1,
            "height": 0,
            "logLevel": 0,
            "source": "file dialog",
            "width": 0
        }
    }
}
