{
    "Params": {
        "additional": {
            "showInputVideo": true
        },
        "videoCodec": {
            "bandwidthMbps": 3.0,
            "fourcc": "H264",
            "fps": 30.0,
            "gopSize": 60
        },
        "videoSource": {
            "fourcc": "",
            "fps": 30.0,
            "frameHeight": 0,
            "frameWidth": 0,
            "source": "test.mp4",
            "waitTimeoutMs": 0
        },
        "videoStreamChannel": {
            "bandwidthMbps": 5.0,
            "dstIp":"127.0.0.1",
            "dstUdpPort": 50027,
            "hostUdpPort": 50026,
            "resendsCount": 1,
            "waitTimeoutMs": 0
        }
    }
}
