{
    "Params": {
        "objectDetector": {
            "custom1": 0.0,
            "custom2": 0.0,
            "custom3": 0.0,
            "enable": true,
            "frameBufferSize": 30,
            "initString": "",
            "logMode": 0,
            "maxObjectHeight": 128,
            "maxObjectWidth": 128,
            "maxXSpeed": 30.0,
            "maxYSpeed": 30.0,
            "minDetectionProbability": 0.5,
            "minObjectHeight": 2,
            "minObjectWidth": 2,
            "minXSpeed": 0.0,
            "minYSpeed": 0.0,
            "numThreads": 1,
            "resetCriteria": 1,
            "scaleFactor": 1,
            "sensitivity": 10.0,
            "type": 0,
            "xDetectionCriteria": 1,
            "yDetectionCriteria": 1
        },
        "videoSource": {
            "custom1": -1.0,
            "custom2": -1.0,
            "custom3": -1.0,
            "exposureMode": 1,
            "focusMode": 1,
            "fourcc": "BGR24",
            "fps": 0.0,
            "gainMode": 1,
            "height": 0,
            "logLevel": 0,
            "source": "file dialog",
            "width": 0
        }
    }
}
