{
    "Params": {
        "videoSource": {
            "source": "file dialog"
        },
        "videoStabiliser": {
            "aFilterCoeff": 0.95,
            "aOffsetLimit": 0.20000000298023224,
            "constAOffset": 0.0,
            "constXOffset": 0,
            "constYOffset": 0,
            "cutFrequencyHz": 0.0,
            "enable": true,
            "fps": 0.0,
            "logMod": 0,
            "scaleFactor": 1,
            "transparentBorder": true,
            "type": 2,
            "xFilterCoeff": 0.95,
            "xOffsetLimit": 250,
            "yFilterCoeff": 0.95,
            "yOffsetLimit": 250
        }
    }
}
