{
    "Params": {
        "videoSource": {
            "custom1": -1.0,
            "custom2": -1.0,
            "custom3": -1.0,
            "exposureMode": 1,
            "focusMode": 1,
            "fourcc": "BGR24",
            "fps": 0.0,
            "gainMode": 1,
            "height": 0,
            "logLevel": 0,
            "source": "file dialog",
            "width": 0
        },
        "videoStabiliser": {
            "aFilterCoeff": 0.95,
            "aOffsetLimit": 0.2,
            "constAOffset": 0.0,
            "constXOffset": 0,
            "constYOffset": 0,
            "cutFrequencyHz": 0.0,
            "enable": true,
            "fps": 0.0,
            "logMod": 0,
            "scaleFactor": 1,
            "transparentBorder": true,
            "type": 2,
            "xFilterCoeff": 0.95,
            "xOffsetLimit": 150,
            "yFilterCoeff": 0.95,
            "yOffsetLimit": 150
        }
    }
}
