{
    "Params": {
        "videoSource": {
            "source": "file dialog"
        },
        "videoTracker": {
            "frameBufferSize": 128,
            "lostModeOption": 0,
            "maxFramesInLostMode": 128,
            "multipleThreads": true,
            "numChannels": 3,
            "rectAutoPosition": false,
            "rectAutoSize": false,
            "rectHeight": 64,
            "rectWidth": 64,
            "searchWindowHeight": 256,
            "searchWindowWidth": 256
        }
    }
}
