{
    "Params": {
        "frameBufferSize": 30,
        "maxObjectHeight": 128,
        "maxObjectWidth": 128,
        "maxXSpeed": 15.0,
        "maxYSpeed": 15.0,
        "minObjectHeight": 2,
        "minObjectWidth": 2,
        "minXSpeed": 0.10000000149011612,
        "minYSpeed": 0.10000000149011612,
        "numThreads": 1,
        "resetCriteria": 5,
        "scaleFactor": 1,
        "sensitivity": 10.0,
        "videoSource": "file dialog",
        "xDetectionCriteria": 10,
        "yDetectionCriteria": 10
    }
}
